{
	"formatVersion": 2,
	"appVersion": "0.63.7",
	"files": [
		{
			"noteId": "MO2EvoZjNeID",
			"notePath": [
				"MO2EvoZjNeID"
			],
			"isClone": false,
			"title": "SSDLC",
			"notePosition": 20,
			"prefix": null,
			"isExpanded": true,
			"type": "text",
			"mime": "text/html",
			"format": "markdown",
			"dirFileName": "SSDLC",
			"noImport": false,
			"attributes": [],
			"attachments": [],
			"children": [
				{
					"noteId": "KBnEoPQLRGWl",
					"notePath": [
						"MO2EvoZjNeID",
						"KBnEoPQLRGWl"
					],
					"isClone": false,
					"title": "1. Planning",
					"notePosition": 10,
					"prefix": null,
					"isExpanded": false,
					"type": "text",
					"mime": "text/html",
					"format": "markdown",
					"dataFileName": "1. Planning.md",
					"noImport": false,
					"attributes": [],
					"attachments": []
				},
				{
					"noteId": "J5kytE8XJfyO",
					"notePath": [
						"MO2EvoZjNeID",
						"J5kytE8XJfyO"
					],
					"isClone": false,
					"title": "2. Analysis",
					"notePosition": 20,
					"prefix": null,
					"isExpanded": false,
					"type": "text",
					"mime": "text/html",
					"format": "markdown",
					"dataFileName": "2. Analysis.md",
					"noImport": false,
					"attributes": [],
					"attachments": []
				},
				{
					"noteId": "Sf9OC6p1YBYw",
					"notePath": [
						"MO2EvoZjNeID",
						"Sf9OC6p1YBYw"
					],
					"isClone": false,
					"title": "3. Design",
					"notePosition": 30,
					"prefix": null,
					"isExpanded": false,
					"type": "text",
					"mime": "text/html",
					"format": "markdown",
					"dataFileName": "3. Design.md",
					"noImport": false,
					"attributes": [],
					"attachments": []
				},
				{
					"noteId": "EZhghcsqmtUQ",
					"notePath": [
						"MO2EvoZjNeID",
						"EZhghcsqmtUQ"
					],
					"isClone": false,
					"title": "4. Development",
					"notePosition": 40,
					"prefix": null,
					"isExpanded": false,
					"type": "text",
					"mime": "text/html",
					"format": "markdown",
					"dataFileName": "4. Development.md",
					"noImport": false,
					"attributes": [],
					"attachments": []
				},
				{
					"noteId": "IcZdhjgtgk6Q",
					"notePath": [
						"MO2EvoZjNeID",
						"IcZdhjgtgk6Q"
					],
					"isClone": false,
					"title": "5. Testing",
					"notePosition": 50,
					"prefix": null,
					"isExpanded": false,
					"type": "text",
					"mime": "text/html",
					"format": "markdown",
					"dataFileName": "5. Testing.md",
					"noImport": false,
					"attributes": [],
					"attachments": []
				},
				{
					"noteId": "90faunVSl6pv",
					"notePath": [
						"MO2EvoZjNeID",
						"90faunVSl6pv"
					],
					"isClone": false,
					"title": "6. Release",
					"notePosition": 60,
					"prefix": null,
					"isExpanded": false,
					"type": "text",
					"mime": "text/html",
					"format": "markdown",
					"dataFileName": "6. Release.md",
					"noImport": false,
					"attributes": [],
					"attachments": []
				},
				{
					"noteId": "QsXuVsMZaZWg",
					"notePath": [
						"MO2EvoZjNeID",
						"QsXuVsMZaZWg"
					],
					"isClone": false,
					"title": "7. Maintenance",
					"notePosition": 70,
					"prefix": null,
					"isExpanded": false,
					"type": "text",
					"mime": "text/html",
					"format": "markdown",
					"dataFileName": "7. Maintenance.md",
					"noImport": false,
					"attributes": [],
					"attachments": []
				}
			]
		}
	]
}